{"sections":{"image_banner":{"type":"image-banner","blocks":{"heading":{"type":"heading","settings":{"heading":"Conoce nuestros productos 100% organicos","heading_size":"h0"}},"button":{"type":"buttons","settings":{"button_label_1":"Ver productos","button_link_1":"shopify:\/\/collections\/all","button_style_secondary_1":false,"button_label_2":"","button_link_2":"","button_style_secondary_2":false}}},"block_order":["heading","button"],"settings":{"image":"shopify:\/\/shop_images\/coffee-s-ready.jpg","image_2":"shopify:\/\/shop_images\/nature-mountains-flower-landscape-adventure.jpg","image_overlay_opacity":40,"image_height":"large","desktop_content_position":"bottom-center","show_text_box":false,"desktop_content_alignment":"center","color_scheme":"scheme-3","image_behavior":"ambient","mobile_content_alignment":"center","stack_images_on_mobile":false,"show_text_below":false}},"slideshow_XiEJWe":{"type":"slideshow","blocks":{"slide_X9pcEY":{"type":"slide","settings":{"image":"shopify:\/\/shop_images\/CAFEOROMAYA.jpg","heading":"Image slide","heading_size":"h1","subheading":"Tell your brand's story through images","button_label":"Button label","link":"","button_style_secondary":false,"box_align":"middle-center","show_text_box":true,"text_alignment":"center","image_overlay_opacity":0,"color_scheme":"","text_alignment_mobile":"center"}},"slide_zm8xrh":{"type":"slide","settings":{"image":"shopify:\/\/shop_images\/coffee-s-ready.jpg","heading":"Image slide","heading_size":"h1","subheading":"Tell your brand's story through images","button_label":"Button label","link":"","button_style_secondary":false,"box_align":"middle-center","show_text_box":true,"text_alignment":"center","image_overlay_opacity":0,"color_scheme":"","text_alignment_mobile":"center"}}},"block_order":["slide_X9pcEY","slide_zm8xrh"],"disabled":true,"settings":{"layout":"grid","slide_height":"medium","slider_visual":"counter","auto_rotate":false,"change_slides_speed":5,"image_behavior":"none","show_text_below":true,"accessibility_info":"Slideshow about our brand"}},"featured_collection":{"type":"featured-collection","settings":{"title":"Nuestros Productos mas vendidos:","heading_size":"h2","description":"","show_description":false,"description_style":"body","collection":"all","products_to_show":8,"columns_desktop":4,"full_width":false,"show_view_all":true,"view_all_style":"solid","enable_desktop_slider":true,"color_scheme":"scheme-2","image_ratio":"adapt","image_shape":"default","show_secondary_image":true,"show_vendor":false,"show_rating":false,"quick_add":"none","columns_mobile":"2","swipe_on_mobile":false,"padding_top":40,"padding_bottom":32}},"image_with_text_UqWqcL":{"type":"image-with-text","blocks":{"heading_gceAzG":{"type":"heading","settings":{"heading":"Finca Irlanda","heading_size":"h1"}},"text_VpNBz9":{"type":"text","settings":{"text":"<p>En el año de 1967 Walter Peters exporta el primer embarque de café orgánico y biodinámico a Europa, convirtiéndose en el pionero a nivel mundial, en producir un café libre de agroquímicos en la Finca Irlanda situada en Chiapas, México.<\/p>","text_style":"body"}},"button_Q88NAG":{"type":"button","settings":{"button_label":"Conoce mas de nuestra finca...","button_link":"","button_style_secondary":false}}},"block_order":["heading_gceAzG","text_VpNBz9","button_Q88NAG"],"settings":{"image":"shopify:\/\/shop_images\/FINCA_IRLANDA.jpg","height":"adapt","desktop_image_width":"medium","layout":"image_first","desktop_content_position":"top","desktop_content_alignment":"left","content_layout":"no-overlap","section_color_scheme":"","color_scheme":"","image_behavior":"none","mobile_content_alignment":"left","padding_top":36,"padding_bottom":36}}},"order":["image_banner","slideshow_XiEJWe","featured_collection","image_with_text_UqWqcL"]}