{"name":"t:sections.footer.name","type":"footer","sections":{"footer":{"type":"footer","blocks":{"image_j9VemG":{"type":"image","disabled":true,"settings":{"image":"shopify:\/\/shop_images\/DaleySoft.jpg","image_width":550,"alignment":"center"}},"link_list_FkYTVi":{"type":"link_list","disabled":true,"settings":{"heading":"Siguenos en nuestras redes sociales:","menu":"footer"}}},"block_order":["image_j9VemG","link_list_FkYTVi"],"settings":{"color_scheme":"scheme-1","newsletter_enable":false,"newsletter_heading":"Subscribe to our emails","enable_follow_on_shop":true,"show_social":true,"enable_country_selector":true,"enable_language_selector":true,"payment_enable":true,"show_policy":false,"margin_top":0,"padding_top":12,"padding_bottom":12}}},"order":["footer"]}